{
  "meta": {
    "n_oos_months": 50,
    "n_oos_valid_ur": 49,
    "n_oos_valid_lfpr": 49,
    "n_oos_valid_epop": 49,
    "fit_window_index": [
      0,
      252
    ],
    "oos_window_index": [
      252,
      302
    ],
    "fit_window_dates": [
      "2001-01",
      "2021-12"
    ],
    "oos_window_dates": [
      "2022-01",
      "2026-02"
    ]
  },
  "B1_AR": {
    "spec": {
      "lags_selected_BIC": 1,
      "fit_y_length": 252
    },
    "ur": {
      "n_valid": 49,
      "rmse": 0.016105701802929848,
      "mae": 0.01557217348026802,
      "corr": 0.6372243693443824,
      "bias": 0.01557217348026802,
      "max_abs_err": 0.01975289488027407,
      "pred_mean": 0.05459258164353332,
      "obs_mean": 0.03902040816326531,
      "pred_min": 0.04044662406844239,
      "pred_max": 0.0597848686338819,
      "obs_min": 0.034,
      "obs_max": 0.045
    }
  },
  "B2_VAR": {
    "spec": {
      "lags_selected_BIC": 2,
      "variables": [
        "UR",
        "LFPR",
        "EPOP"
      ],
      "fit_length": 252
    },
    "ur": {
      "n_valid": 49,
      "rmse": 0.006633475470134084,
      "mae": 0.005441113506505003,
      "corr": -0.8698158151299763,
      "bias": 0.005169373385941466,
      "max_abs_err": 0.011204997729947125,
      "pred_mean": 0.044189781549206775,
      "obs_mean": 0.03902040816326531,
      "pred_min": 0.04247659120915104,
      "pred_max": 0.04641478656810982,
      "obs_min": 0.034,
      "obs_max": 0.045
    },
    "lfpr": {
      "n_valid": 49,
      "rmse": 0.008248315329484196,
      "mae": 0.007936412144921134,
      "corr": -0.21926647695467644,
      "bias": -0.007936412144921134,
      "max_abs_err": 0.011404342282643087,
      "pred_mean": 0.6165737919367116,
      "obs_mean": 0.6245102040816327,
      "pred_min": 0.6155285993460823,
      "pred_max": 0.6186952555923276,
      "obs_min": 0.62,
      "obs_max": 0.628
    },
    "epop": {
      "n_valid": 49,
      "rmse": 0.010893994084567217,
      "mae": 0.01052147642897124,
      "corr": -0.2528402494684871,
      "bias": -0.01052147642897124,
      "max_abs_err": 0.014590606187473099,
      "pred_mean": 0.5896009725506206,
      "obs_mean": 0.6001224489795918,
      "pred_min": 0.5889967277832835,
      "pred_max": 0.5923440279032088,
      "obs_min": 0.593,
      "obs_max": 0.604
    }
  },
  "B3_Beveridge": {
    "spec": {
      "params_a_b1_b2": [
        0.011771055427302089,
        0.04180676326260151,
        0.5762314462882819
      ],
      "r2_train": 0.38480049071462585,
      "r2_train_adj": 0.37985912919426135,
      "uses_observed_OOS_exog": true,
      "exog_vars": [
        "market_tightness (JTSJOR/3)",
        "separation_rate (JTSLDR/100)"
      ]
    },
    "ur": {
      "n_valid": 49,
      "rmse": 0.004215994327396286,
      "mae": 0.003871157940388377,
      "corr": 0.8261925092214117,
      "bias": 0.003176350289936519,
      "max_abs_err": 0.006971575095474275,
      "pred_mean": 0.042196758453201824,
      "obs_mean": 0.03902040816326531,
      "pred_min": 0.03367984374893723,
      "pred_max": 0.04946467378342432,
      "obs_min": 0.034,
      "obs_max": 0.045
    }
  },
  "B4_DMP": {
    "spec": {
      "A": 0.2136910357104187,
      "alpha": 0.4105514838439228,
      "obj_value": 0.042081261432879366,
      "uses_observed_OOS_exog": true,
      "exog_vars": [
        "market_tightness (theta)",
        "separation_rate (s)"
      ]
    },
    "ur": {
      "n_valid": 49,
      "rmse": 0.006361148450524769,
      "mae": 0.005473072905324197,
      "corr": 0.8184622667440332,
      "bias": -0.005473072905324197,
      "max_abs_err": 0.014368069263953703,
      "pred_mean": 0.03354733525794111,
      "obs_mean": 0.03902040816326531,
      "pred_min": 0.024528288642319446,
      "pred_max": 0.04165762117834668,
      "obs_min": 0.034,
      "obs_max": 0.045
    }
  }
}