{
  "rank": 1,
  "params": {
    "vacancy_rate": 0.04365127017728809,
    "fragility_threshold": 0.6957853070842996,
    "acceptance_pressure": 0.16077686697787863,
    "h2m_resv_discount": 0.13887109631753242,
    "lockin_penalty": 0.2048397707666944,
    "duration_thresh": 6.6616103678158485,
    "exit_jump": 2.1396090827485392,
    "reentry_penalty": 0.466493055944382,
    "h2m_mpc_floor": 0.9654259009916658,
    "wealthy_discount": 0.2840524050601794,
    "emp_adapt_speed": 0.04946034009900786,
    "unemp_adapt_speed": 0.33564256036258244,
    "pessimism_exit": 0.18640726137612224,
    "optimism_entry": 0.4886807733201668
  },
  "train_mean": 0.17784561466799817,
  "train_std": 0.005733897552545431,
  "val_mean": 0.46821382913225057,
  "val_std": 0.0014053053402175966,
  "train_comp_avg": {
    "ur": 0.012155035209990282,
    "lfpr": 0.016344281945029557,
    "epop": 0.01781532139339893,
    "eu": 0.00862647583715156,
    "ue": 0.008596495870120124,
    "h2m": 0.0630565204678362,
    "total": 0.17784561466799817
  },
  "val_comp_avg": {
    "ur": 0.015682279223602557,
    "lfpr": 0.021519520160703437,
    "epop": 0.026479471325958504,
    "eu": 0.03223969961931226,
    "ue": 0.23905898465583583,
    "h2m": 0.045011531531531555,
    "total": 0.46821382913225057
  },
  "stable": "True"
}