{
  "rank": 7,
  "params": {
    "vacancy_rate": 0.04736578928462866,
    "fragility_threshold": 0.5920042562530007,
    "acceptance_pressure": 0.06192850626033936,
    "h2m_resv_discount": 0.1019140452253905,
    "lockin_penalty": 0.43740264305232956,
    "duration_thresh": 9.504733637502781,
    "exit_jump": 3.6499440416104316,
    "reentry_penalty": 0.44124448762818297,
    "h2m_mpc_floor": 0.9320049687034414,
    "wealthy_discount": 0.17266301528867486,
    "emp_adapt_speed": 0.02,
    "unemp_adapt_speed": 0.22303982921924606,
    "pessimism_exit": 0.15434732265252418,
    "optimism_entry": 0.4414500243367442
  },
  "train_mean": 0.19442627911483232,
  "train_std": 0.001742193907539208,
  "val_mean": 0.4360296759817235,
  "val_std": 0.00933795930493452,
  "train_comp_avg": {
    "ur": 0.011451152529802694,
    "lfpr": 0.018981768346861643,
    "epop": 0.018705775341683148,
    "eu": 0.007960448561799468,
    "ue": 0.02073559456201755,
    "h2m": 0.06619877192982448,
    "total": 0.19442627911483232
  },
  "val_comp_avg": {
    "ur": 0.015970815242389535,
    "lfpr": 0.01502120268490465,
    "epop": 0.0206599121021573,
    "eu": 0.031360322542919115,
    "ue": 0.22800322783291294,
    "h2m": 0.050899639639639616,
    "total": 0.4360296759817235
  },
  "stable": "True"
}