window,UR_RMSE_pp_mean,UR_RMSE_pp_sd,UR_MAE_pp_mean,UR_corr_mean,LFPR_RMSE_pp_mean,EPOP_RMSE_pp_mean
train,1.3205249329088278,0.031333394132230075,1.0399290218163626,0.8057836197502833,1.4487066782705245,1.6335472558478952
val,2.001594465762926,0.01074557192219049,1.5399713810750657,0.6756096646400984,1.565881908845775,2.495904300872017
oos,0.221082736256607,0.00680759714579059,0.16292654410574625,0.7895567021610294,2.274301519131081,2.2140682065295563
