{
  "Q24_cent50": {
    "n": 80159,
    "mean": 3.0537731348025328,
    "std": 4.910570343243366,
    "min": -31.39303207397461,
    "max": 36.284271240234375,
    "q10": -2.1152200271271765e-13,
    "q25": 1.0,
    "q50": 2.299720525741577,
    "q75": 3.8090169429779053,
    "q90": 7.346881866455078
  },
  "Q24_iqr": {
    "n": 80159,
    "mean": 3.118626569808262,
    "std": 3.9543570536630877,
    "min": 0.48685288429260254,
    "max": 37.97987365722656,
    "q10": 0.9061639308929443,
    "q25": 1.0,
    "q50": 1.383826732635498,
    "q75": 3.437022566795349,
    "q90": 7.765624237060546
  },
  "Q13new": {
    "n": 70744,
    "mean": 14.790484705416723,
    "std": 20.31690657504746,
    "min": 0.0,
    "max": 100.0,
    "q10": 0.0,
    "q25": 1.0,
    "q50": 7.0,
    "q75": 20.0,
    "q90": 50.0
  },
  "Q22new": {
    "n": 70963,
    "mean": 54.5711990755746,
    "std": 32.058459765635845,
    "min": 0.0,
    "max": 100.0,
    "q10": 9.0,
    "q25": 25.0,
    "q50": 52.0,
    "q75": 80.0,
    "q90": 98.0
  },
  "_AGE_CAT": {
    "40 to 60": 0.39077614002763705,
    "Over 60": 0.33215437257353425,
    "Under 40": 0.2770694873988287
  },
  "_EDU_CAT": {
    "College": 0.5536084680472788,
    "Some College": 0.33205478550027984,
    "High School": 0.11433674645244131
  },
  "_HH_INC_CAT": {
    "50k to 100k": 0.3589453829343482,
    "Under 50k": 0.3585132990435989,
    "Over 100k": 0.2825413180220529
  },
  "Q33": {
    "2.0": 0.5080824645660068,
    "1.0": 0.4919175354339932
  }
}