{
  "age_cat": {
    "n": 121576,
    "proportions": {
      "40 to 60": 0.39077614002763705,
      "Over 60": 0.33215437257353425,
      "Under 40": 0.2770694873988287
    }
  },
  "edu_cat": {
    "n": 121492,
    "proportions": {
      "College": 0.5536084680472788,
      "High School": 0.11433674645244131,
      "Some College": 0.33205478550027984
    }
  },
  "income_cat": {
    "n": 120347,
    "proportions": {
      "50k to 100k": 0.3589453829343482,
      "Over 100k": 0.2825413180220529,
      "Under 50k": 0.3585132990435989
    }
  },
  "Q24_cent50": {
    "n": 80159,
    "mean": 3.0537731348025328,
    "std": 4.910570343243366,
    "min": -31.39303207397461,
    "max": 36.284271240234375,
    "percentiles": {
      "0.01": -10.0,
      "0.05": -1.0,
      "0.1": -2.1152200271271765e-13,
      "0.25": 1.0,
      "0.5": 2.299720525741577,
      "0.75": 3.8090169429779053,
      "0.9": 7.346881866455078,
      "0.95": 10.63508415222168,
      "0.99": 25.0
    }
  },
  "Q24_iqr": {
    "n": 80159,
    "mean": 3.118626569808262,
    "std": 3.9543570536630877,
    "min": 0.48685288429260254,
    "max": 37.97987365722656,
    "percentiles": {
      "0.01": 0.6958020925521851,
      "0.05": 0.7544980049133301,
      "0.1": 0.9061639308929443,
      "0.25": 1.0,
      "0.5": 1.383826732635498,
      "0.75": 3.437022566795349,
      "0.9": 7.765624237060546,
      "0.95": 12.18416976928711,
      "0.99": 18.611524047851468
    }
  },
  "Q24_cent50|income=Under 50k": {
    "n": 22066,
    "mean": 3.049211589461192,
    "std": 5.6270933483575885,
    "min": -27.93246841430664,
    "max": 36.284271240234375,
    "percentiles": {
      "0.01": -10.697914934158325,
      "0.05": -1.8334093987941742,
      "0.1": -2.1152200271271765e-13,
      "0.25": 1.0,
      "0.5": 2.0,
      "0.75": 3.999539375305176,
      "0.9": 8.659242630004883,
      "0.95": 12.089030027389526,
      "0.99": 25.0
    }
  },
  "Q24_cent50|income=Over 100k": {
    "n": 27324,
    "mean": 3.1052155794854226,
    "std": 4.578166998084203,
    "min": -25.70853042602539,
    "max": 36.284271240234375,
    "percentiles": {
      "0.01": -10.0,
      "0.05": -1.0,
      "0.1": 0.31691021323204055,
      "0.25": 1.0583285987377167,
      "0.5": 2.6258203983306885,
      "0.75": 3.9379681944847107,
      "0.9": 6.9297676086425835,
      "0.95": 10.053064346313477,
      "0.99": 25.0
    }
  },
  "Q24_cent50|income=50k to 100k": {
    "n": 30128,
    "mean": 3.0119008596787498,
    "std": 4.607183369130559,
    "min": -31.39303207397461,
    "max": 36.284271240234375,
    "percentiles": {
      "0.01": -7.683384084701538,
      "0.05": -1.0,
      "0.1": 0.0,
      "0.25": 1.0,
      "0.5": 2.1909830570220947,
      "0.75": 3.6321160793304443,
      "0.9": 6.999936103820801,
      "0.95": 10.247506189346312,
      "0.99": 25.0
    }
  },
  "Q13new": {
    "n": 70744,
    "mean": 14.790484705416723,
    "std": 20.31690657504746,
    "min": 0.0,
    "max": 100.0,
    "percentiles": {
      "0.01": 0.0,
      "0.05": 0.0,
      "0.1": 0.0,
      "0.25": 1.0,
      "0.5": 7.0,
      "0.75": 20.0,
      "0.9": 50.0,
      "0.95": 51.0,
      "0.99": 99.0
    }
  },
  "Q22new": {
    "n": 70963,
    "mean": 54.5711990755746,
    "std": 32.058459765635845,
    "min": 0.0,
    "max": 100.0,
    "percentiles": {
      "0.01": 0.0,
      "0.05": 1.0,
      "0.1": 9.0,
      "0.25": 25.0,
      "0.5": 52.0,
      "0.75": 80.0,
      "0.9": 98.0,
      "0.95": 100.0,
      "0.99": 100.0
    }
  },
  "labor_fragility_index": {
    "n": 70727,
    "mean": 0.3009584776676517,
    "std": 0.19895802281835367,
    "min": 0.0,
    "max": 1.0,
    "percentiles": {
      "0.01": 0.0,
      "0.05": 0.0,
      "0.1": 0.05,
      "0.25": 0.125,
      "0.5": 0.295,
      "0.75": 0.455,
      "0.9": 0.5449999999999999,
      "0.95": 0.625,
      "0.99": 0.815
    }
  },
  "Q33": {
    "n": 17074,
    "proportions": {
      "1.0": 0.4919175354339932,
      "2.0": 0.5080824645660068
    }
  },
  "Q41": {
    "n": 17073,
    "proportions": {
      "0.0": 0.020734493059216305,
      "0.10000000149011612": 0.0002928600714578574,
      "0.20000000298023224": 0.0003514320857494289,
      "0.30000001192092896": 0.0004100041000410004,
      "0.4000000059604645": 0.0002928600714578574,
      "0.5": 0.003280032800328003,
      "0.6000000238418579": 0.00011714402858314298,
      "0.699999988079071": 5.857201429157149e-05,
      "0.800000011920929": 0.0003514320857494289,
      "0.8999999761581421": 5.857201429157149e-05,
      "1.0": 0.1076553622679084,
      "1.100000023841858": 5.857201429157149e-05,
      "1.2000000476837158": 0.0002928600714578574,
      "1.2999999523162842": 0.0005271481286241434,
      "1.5": 0.010718678615357581,
      "1.600000023841858": 5.857201429157149e-05,
      "1.7000000476837158": 0.00023428805716628595,
      "1.7999999523162842": 0.0003514320857494289,
      "2.0": 0.07555789843612722,
      "2.200000047683716": 0.00017571604287471446,
      "2.299999952316284": 0.00017571604287471446,
      "2.4000000953674316": 5.857201429157149e-05,
      "2.5": 0.0058572014291571484,
      "2.700000047683716": 0.00011714402858314298,
      "2.799999952316284": 0.00017571604287471446,
      "2.9000000953674316": 5.857201429157149e-05,
      "3.0": 0.07380073800738007,
      "3.200000047683716": 5.857201429157149e-05,
      "3.299999952316284": 5.857201429157149e-05,
      "3.4000000953674316": 5.857201429157149e-05,
      "3.5": 0.003865752943243718,
      "3.700000047683716": 0.00011714402858314298,
      "3.799999952316284": 0.00011714402858314298,
      "3.9000000953674316": 5.857201429157149e-05,
      "4.0": 0.05552626954840977,
      "4.300000190734863": 0.00011714402858314298,
      "4.5": 0.0013471563287061443,
      "4.900000095367432": 5.857201429157149e-05,
      "5.0": 0.05453054530545305,
      "5.5": 0.0009371522286651438,
      "5.800000190734863": 5.857201429157149e-05,
      "6.0": 0.040297545832601186,
      "6.5": 0.0007028641714988579,
      "6.699999809265137": 5.857201429157149e-05,
      "7.0": 0.03672465296081532,
      "7.5": 0.0007028641714988579,
      "7.800000190734863": 5.857201429157149e-05,
      "8.0": 0.03584607274644175,
      "8.5": 0.0004100041000410004,
      "9.0": 0.02594740233116617,
      "9.5": 0.00023428805716628595,
      "10.0": 0.04275757043284718,
      "10.5": 0.00017571604287471446,
      "10.899999618530273": 5.857201429157149e-05,
      "11.0": 0.02407309787383588,
      "11.5": 0.00011714402858314298,
      "12.0": 0.027353130674163884,
      "12.5": 0.00017571604287471446,
      "13.0": 0.02512739413108417,
      "13.5": 0.00017571604287471446,
      "14.0": 0.021437357230715163,
      "14.5": 0.00023428805716628595,
      "15.0": 0.030574591460200317,
      "15.5": 0.00011714402858314298,
      "16.0": 0.017454460258888305,
      "16.5": 0.00023428805716628595,
      "16.799999237060547": 5.857201429157149e-05,
      "17.0": 0.0166344520588063,
      "17.5": 5.857201429157149e-05,
      "18.0": 0.017923036373220874,
      "19.0": 0.013940139401394014,
      "19.399999618530273": 5.857201429157149e-05,
      "19.5": 0.00011714402858314298,
      "19.700000762939453": 5.857201429157149e-05,
      "20.0": 0.025537398231125167,
      "21.0": 0.010308674515316581,
      "22.0": 0.012417267029813155,
      "22.5": 5.857201429157149e-05,
      "23.0": 0.010894394658232297,
      "24.0": 0.009254378258068295,
      "24.5": 5.857201429157149e-05,
      "25.0": 0.015931587887307443,
      "26.0": 0.007965793943653722,
      "27.0": 0.007614361857904294,
      "28.0": 0.008024365957945295,
      "29.0": 0.005212909271949863,
      "30.0": 0.013998711415685585,
      "31.0": 0.004685761143325719,
      "31.5": 5.857201429157149e-05,
      "31.600000381469727": 5.857201429157149e-05,
      "32.0": 0.004100041000410004,
      "33.0": 0.004392901071867862,
      "34.0": 0.004100041000410004,
      "35.0": 0.00790722192936215,
      "36.0": 0.003865752943243718,