{
  "rw2a": {
    "n": 34134,
    "mean": 29296305832528.42,
    "std": 5412605916414828.0,
    "q50": 50000.0
  },
  "rw2b": {
    "n": 10057,
    "mean": 3.2174604752908422,
    "std": 1.9587384000379189,
    "q50": 5.0
  },
  "js5": {
    "n": 9647,
    "mean": 1.8622369648595418,
    "std": 0.34466896532188324,
    "q50": 2.0
  },
  "js6": {
    "n": 20519,
    "mean": 2.6092402163848143,
    "std": 0.7497891978816693,
    "q50": 3.0
  },
  "js7": {
    "n": 6011,
    "mean": 50.279354516593415,
    "std": 1287.8690416875024,
    "q50": 8.0
  },
  "js8_1": {
    "n": 6022,
    "mean": 0.30919960146130854,
    "std": 0.4622019936739355,
    "q50": 0.0
  },
  "js8_2": {
    "n": 6022,
    "mean": 0.38608435735636,
    "std": 0.48689073974643693,
    "q50": 0.0
  }
}