{
  "qsp12n": {
    "n": 29293,
    "mean": 3.8468917488819856,
    "std": 1.9931974088421445,
    "min": 1.0,
    "max": 7.0,
    "q50": 4.0
  },
  "qsp12a_1": {
    "n": 17089,
    "mean": 42.39604423898414,
    "std": 21.885600123780144,
    "min": 0.0,
    "max": 100.0,
    "q50": 50.0
  },
  "qsp12a_2": {
    "n": 16024,
    "mean": 31.19427109335996,
    "std": 19.528317683368318,
    "min": 0.0,
    "max": 100.0,
    "q50": 25.0
  },
  "qsp12a_3": {
    "n": 14408,
    "mean": 37.7623542476402,
    "std": 25.253819860981377,
    "min": 0.0,
    "max": 100.0,
    "q50": 40.0
  },
  "qsp13new": {
    "n": 28473,
    "mean": 2.728901064166052,
    "std": 1.7956934225363073,
    "min": 1.0,
    "max": 7.0,
    "q50": 2.0
  },
  "qsp13a_1": {
    "n": 13843,
    "mean": 55.17821281514123,
    "std": 20.6781491183269,
    "min": 0.0,
    "max": 100.0,
    "q50": 50.0
  },
  "qsp13a_2": {
    "n": 13273,
    "mean": 40.06750546221653,
    "std": 20.154821035260287,
    "min": 0.0,
    "max": 100.0,
    "q50": 45.0
  },
  "qsp13a_3": {
    "n": 8499,
    "mean": 11.134486410165902,
    "std": 17.413996319961385,
    "min": 0.0,
    "max": 100.0,
    "q50": 0.0
  }
}